Month,Advertising,Price,Discount,Customers,Sales
2021-01-01,197.26,19.43,2.98,300,770.74
2021-01-02,207.45,19.95,8.0,302,773.52
2021-01-03,209.39,20.19,5.96,328,854.72
2021-01-04,210.18,20.53,9.3,326,857.19
2021-01-05,208.74,19.8,6.04,313,814.92
2021-01-06,203.04,19.98,6.58,309,740.98
2021-01-07,213.73,20.31,5.71,306,794.96
2021-01-08,213.52,20.2,3.33,301,773.81
2021-01-09,210.51,20.42,5.93,307,818.12
2021-01-10,210.91,20.67,1.67,296,780.3
2021-01-11,206.5,20.01,3.68,287,751.65
2021-01-12,209.2,20.66,4.91,277,687.2
2021-01-13,205.74,19.86,2.78,279,702.77
2021-01-14,200.64,21.14,3.9,283,723.17
2021-01-15,208.24,20.46,5.33,289,715.99
2021-01-16,201.23,20.48,4.15,301,765.52
2021-01-17,196.16,21.23,6.14,274,738.43
2021-01-18,201.29,19.48,6.6,288,730.06
2021-01-19,188.76,20.17,6.87,266,663.98
2021-01-20,203.57,20.2,5.63,280,668.03
2021-01-21,191.46,21.27,7.2,300,780.79
2021-01-22,188.93,21.05,6.07,302,752.64
2021-01-23,190.8,20.21,3.18,303,788.59
2021-01-24,194.35,20.55,4.67,303,771.54
2021-01-25,192.49,19.64,2.34,291,748.37
2021-01-26,191.72,20.58,5.19,301,762.24
2021-01-27,195.89,20.64,4.65,328,863.16
2021-01-28,202.79,21.18,4.32,318,787.21
2021-01-29,192.3,20.86,2.36,314,778.23
2021-01-30,201.3,22.12,6.43,321,792.27
2021-01-31,192.98,21.05,4.77,338,881.24
2021-02-01,209.06,21.08,5.61,330,838.9
2021-02-02,195.66,20.83,7.42,321,832.83
2021-02-03,205.54,21.09,7.75,313,825.5
2021-02-04,205.91,22.08,7.14,313,734.37
2021-02-05,207.11,20.9,5.65,319,802.51
2021-02-06,214.29,21.54,5.2,306,725.27
2021-02-07,211.28,21.44,3.99,283,726.32
2021-02-08,203.45,21.89,2.62,285,695.2
2021-02-09,206.72,20.98,1.96,302,750.56
2021-02-10,204.28,21.2,2.19,284,719.11
2021-02-11,207.54,21.2,3.52,285,745.66
2021-02-12,201.52,20.44,5.22,298,768.2
2021-02-13,204.48,21.43,6.6,282,729.61
2021-02-14,205.76,21.55,6.85,276,732.04
2021-02-15,202.22,21.97,6.45,261,655.65
2021-02-16,195.89,20.93,7.25,265,680.09
2021-02-17,195.84,21.04,6.17,277,718.27
2021-02-18,198.87,21.13,3.67,275,691.65
2021-02-19,199.77,21.42,4.34,286,689.78
2021-02-20,183.74,22.2,3.2,280,704.35
2021-02-21,184.68,21.74,5.23,289,739.69
2021-02-22,181.09,21.32,2.67,295,712.58
2021-02-23,192.45,21.72,2.95,293,715.24
2021-02-24,195.96,21.64,2.25,306,734.83
2021-02-25,189.18,21.66,4.85,300,772.47
2021-02-26,194.64,21.38,4.29,315,779.69
2021-02-27,192.16,21.84,5.46,322,784.1
2021-02-28,192.57,21.8,6.49,316,781.63
2021-03-01,193.02,21.94,6.21,328,854.46
2021-03-02,203.51,22.01,6.69,322,780.8
2021-03-03,201.66,21.78,6.18,317,794.83
2021-03-04,207.02,21.59,6.51,295,792.28
2021-03-05,191.57,21.51,4.04,312,801.04
2021-03-06,199.54,21.18,5.5,333,863.03
2021-03-07,213.51,22.36,3.84,304,769.84
2021-03-08,210.68,22.08,1.89,314,796.28
2021-03-09,218.98,22.33,3.28,325,807.54
2021-03-10,207.78,21.98,2.77,294,724.29
2021-03-11,214.78,22.1,4.34,296,761.31
2021-03-12,213.12,22.23,5.51,292,727.76
2021-03-13,202.61,21.3,5.34,282,729.39
2021-03-14,201.22,22.21,6.64,297,737.15
2021-03-15,202.8,22.29,6.98,285,702.06
2021-03-16,194.28,21.47,6.67,304,785.41
2021-03-17,197.86,22.21,5.1,271,685.98
2021-03-18,192.02,21.01,5.49,286,715.49
2021-03-19,193.38,21.84,6.94,280,747.32
2021-03-20,190.39,21.85,2.77,273,671.14
2021-03-21,187.48,21.99,4.28,310,764.61
2021-03-22,182.95,21.45,2.49,274,640.09
2021-03-23,197.81,21.19,3.14,279,696.04
2021-03-24,197.91,21.57,3.36,305,782.43
2021-03-25,198.69,21.65,1.91,311,764.75
2021-03-26,190.09,22.13,5.63,306,798.01
2021-03-27,189.85,22.26,5.53,317,784.82
2021-03-28,188.2,22.22,5.04,311,781.08
2021-03-29,195.2,21.22,5.39,328,841.0
2021-03-30,197.34,22.54,8.9,323,808.66
2021-03-31,197.42,21.18,6.37,314,789.34
2021-04-01,199.39,21.71,6.53,321,811.28
2021-04-02,204.39,21.75,5.6,329,831.95
2021-04-03,199.36,22.68,2.58,310,794.19
2021-04-04,201.87,21.37,2.92,320,808.51
2021-04-05,217.17,22.05,2.67,333,802.26
2021-04-06,218.25,21.94,5.2,298,789.95
2021-04-07,215.6,22.04,2.84,310,779.89
2021-04-08,204.29,22.0,2.91,309,758.95
2021-04-09,206.28,21.95,5.31,278,692.23
2021-04-10,217.87,21.95,5.57,291,741.93
2021-04-11,209.3,22.11,6.89,284,725.53
2021-04-12,207.81,21.98,7.25,280,675.04
2021-04-13,210.98,23.34,9.48,270,659.34
2021-04-14,197.17,21.83,6.41,283,719.74
2021-04-15,201.25,22.37,5.52,289,702.81
2021-04-16,195.84,20.94,4.95,286,707.34
2021-04-17,191.89,22.46,5.47,285,714.85
2021-04-18,192.58,22.57,3.76,295,735.8
2021-04-19,184.99,21.65,2.02,278,687.53
2021-04-20,190.33,21.42,3.45,285,737.36
2021-04-21,186.0,21.63,2.97,287,726.67
2021-04-22,195.15,22.29,4.04,300,735.8
2021-04-23,194.5,21.99,7.39,298,742.25
2021-04-24,191.12,20.27,6.74,305,751.58
2021-04-25,198.56,21.82,6.07,310,778.1
2021-04-26,188.39,22.65,5.71,316,744.27
2021-04-27,187.62,21.23,4.54,294,734.36
2021-04-28,198.72,21.74,6.26,297,734.99
2021-04-29,195.73,22.56,5.53,316,782.29
2021-04-30,199.76,21.78,5.26,315,760.58
2021-05-01,193.15,21.37,5.34,337,851.62
2021-05-02,203.03,21.67,2.44,302,774.1
2021-05-03,205.72,21.32,3.05,314,765.57
2021-05-04,202.62,22.0,3.53,320,822.34
2021-05-05,205.43,22.07,3.27,311,783.32
2021-05-06,200.5,21.12,2.25,300,786.24
2021-05-07,212.95,21.41,2.08,294,745.75
2021-05-08,203.43,21.86,6.48,310,783.09
2021-05-09,212.53,22.06,7.82,312,830.49
2021-05-10,205.65,21.45,7.1,307,763.04
2021-05-11,200.42,21.76,8.17,286,719.95
2021-05-12,202.57,21.6,8.3,298,769.74
2021-05-13,205.0,21.11,6.05,282,737.24
2021-05-14,204.08,20.05,4.86,277,696.23
2021-05-15,199.78,22.18,5.12,271,707.49
2021-05-16,195.84,22.35,1.85,286,722.0
2021-05-17,189.19,21.13,4.37,280,723.05
2021-05-18,195.31,21.63,2.11,268,661.38
2021-05-19,192.08,20.98,4.4,294,714.09
2021-05-20,193.04,22.43,2.68,287,745.17
2021-05-21,192.98,21.92,5.21,281,714.47
2021-05-22,191.09,21.51,7.16,299,775.36
2021-05-23,192.43,21.44,7.18,309,783.37
2021-05-24,196.96,21.09,6.7,306,791.55
2021-05-25,187.01,21.57,8.9,288,766.5
2021-05-26,196.43,20.7,7.25,315,812.95
2021-05-27,194.09,21.02,6.96,302,765.45
2021-05-28,201.73,21.85,6.69,311,775.37
2021-05-29,194.05,20.85,4.5,331,810.2
2021-05-30,200.03,20.38,3.52,328,849.81
2021-05-31,202.84,20.62,3.49,330,833.47
2021-06-01,202.47,20.82,2.41,310,747.27
2021-06-02,202.69,21.24,2.89,333,833.11
2021-06-03,202.2,20.28,3.67,329,812.17
2021-06-04,203.87,22.01,4.9,300,741.56
2021-06-05,207.58,20.09,4.92,316,806.2
2021-06-06,210.99,20.6,4.64,297,781.51
2021-06-07,206.28,21.59,5.07,311,791.27
2021-06-08,214.32,20.72,7.38,305,796.58
2021-06-09,201.77,20.9,7.17,287,708.94
2021-06-10,206.19,21.56,5.46,274,710.78
2021-06-11,204.48,20.63,4.09,280,704.94
2021-06-12,202.49,20.91,3.12,281,705.53
2021-06-13,202.44,20.34,3.97,293,750.16
2021-06-14,196.66,19.63,4.7,294,761.66
2021-06-15,202.19,20.95,4.96,279,675.42
2021-06-16,201.48,19.82,1.58,276,694.76
2021-06-17,187.87,20.07,2.39,266,659.06
2021-06-18,191.36,20.89,6.46,270,683.45
2021-06-19,192.7,19.84,5.39,288,730.39
2021-06-20,192.37,20.17,6.24,287,732.34
2021-06-21,188.69,20.65,9.11,295,752.83
2021-06-22,191.37,19.73,5.87,328,855.93
2021-06-23,186.85,20.39,5.78,301,785.55
2021-06-24,196.86,20.11,5.6,305,785.67
2021-06-25,186.98,20.95,6.49,307,769.12
2021-06-26,194.29,21.12,4.19,318,805.61
2021-06-27,197.49,20.73,2.34,331,834.13
2021-06-28,194.11,20.52,3.39,309,788.21
2021-06-29,194.58,19.55,1.63,332,848.86
2021-06-30,199.98,20.53,4.2,321,784.56
2021-07-01,203.13,19.98,4.19,313,752.09
2021-07-02,197.99,20.59,5.64,327,831.83
2021-07-03,199.57,20.8,5.87,321,804.8
2021-07-04,208.25,20.36,5.67,310,768.37
2021-07-05,206.12,19.63,6.07,314,810.51
2021-07-06,206.69,19.69,5.57,313,779.03
2021-07-07,212.8,19.99,4.94,295,788.77
2021-07-08,214.78,19.01,4.79,306,779.83
2021-07-09,214.25,19.56,4.58,287,723.85
2021-07-10,213.17,19.91,4.7,297,767.59
2021-07-11,203.4,20.31,3.5,288,726.19
2021-07-12,206.81,19.42,3.7,276,715.05
2021-07-13,207.7,19.7,2.34,284,745.82
2021-07-14,201.48,19.3,3.08,276,700.41
2021-07-15,198.6,19.17,5.52,288,731.59
2021-07-16,199.29,19.12,5.45,263,675.85
2021-07-17,195.39,18.88,7.2,281,718.7
2021-07-18,191.01,18.91,7.19,293,751.09
2021-07-19,188.89,19.6,6.53,306,764.81
2021-07-20,186.63,19.04,6.64,286,740.28
2021-07-21,192.44,18.92,7.1,283,760.17
2021-07-22,197.04,18.97,4.91,288,767.92
2021-07-23,187.09,19.63,6.69,306,747.98
2021-07-24,181.26,18.82,5.21,301,754.42
2021-07-25,195.11,19.63,2.85,312,796.02
2021-07-26,188.84,18.98,2.48,310,758.08
2021-07-27,197.74,19.01,2.36,312,758.78
2021-07-28,207.89,19.41,3.11,314,818.14
2021-07-29,204.21,19.57,4.86,315,800.15
2021-07-30,204.62,18.65,6.85,323,823.14
2021-07-31,200.55,18.95,5.29,308,786.74
2021-08-01,201.24,19.08,6.65,294,723.43
2021-08-02,197.94,19.38,8.09,320,806.32
2021-08-03,206.84,18.99,8.27,296,748.21
2021-08-04,208.82,18.28,6.1,295,755.45
2021-08-05,209.56,19.38,6.74,301,780.14
2021-08-06,198.85,19.39,4.34,317,817.09
2021-08-07,216.81,19.42,3.47,293,732.46
2021-08-08,208.48,18.47,2.2,297,770.86
2021-08-09,204.81,17.66,1.57,297,761.02
2021-08-10,210.77,19.15,3.27,290,746.81
2021-08-11,198.96,18.02,2.58,272,714.22
2021-08-12,201.85,18.25,3.25,284,681.69
2021-08-13,204.03,18.85,4.55,259,641.98
2021-08-14,201.8,18.37,6.49,263,666.85
2021-08-15,196.9,18.57,6.95,290,752.13
2021-08-16,194.68,19.78,6.33,281,737.76
2021-08-17,197.0,19.08,5.34,287,702.63
2021-08-18,200.69,18.01,5.12,285,752.83
2021-08-19,185.89,18.61,6.33,280,715.77
2021-08-20,189.07,17.94,4.94,297,753.84
2021-08-21,191.16,18.29,4.69,290,740.28
2021-08-22,182.1,17.73,3.04,312,752.51
2021-08-23,187.56,18.67,3.32,280,692.19
2021-08-24,188.52,17.99,4.8,306,738.58
2021-08-25,194.32,19.08,2.17,329,814.9
2021-08-26,197.39,18.36,3.31,327,854.75
2021-08-27,184.59,18.46,4.4,318,742.64
2021-08-28,197.1,18.18,6.26,304,788.43
2021-08-29,193.72,18.45,4.99,315,806.32
2021-08-30,206.44,19.04,6.16,325,832.83
2021-08-31,214.53,18.43,8.12,315,827.26
2021-09-01,199.33,18.68,8.83,332,882.13
2021-09-02,208.48,18.44,6.8,329,852.26
2021-09-03,206.45,19.25,3.73,313,817.69
2021-09-04,207.11,18.04,4.16,327,841.14
2021-09-05,212.82,17.56,2.55,307,788.2
2021-09-06,210.16,17.48,0.99,297,734.77
2021-09-07,198.04,18.83,3.6,289,742.18
2021-09-08,217.47,18.12,3.72,270,720.36
2021-09-09,210.84,18.58,4.76,289,746.43
2021-09-10,206.69,17.39,5.77,289,736.52
2021-09-11,211.72,17.94,6.15,273,693.13
2021-09-12,203.19,18.12,6.87,282,750.71
2021-09-13,206.83,18.0,5.51,293,781.81
2021-09-14,191.67,17.22,5.68,266,721.47
2021-09-15,198.23,18.42,6.74,274,679.66
2021-09-16,191.78,17.76,6.19,286,749.26
2021-09-17,182.39,17.94,6.31,271,724.71
2021-09-18,189.89,17.5,4.38,291,745.21
2021-09-19,187.25,17.73,6.27,284,715.31
2021-09-20,196.26,18.97,3.05,297,759.59
2021-09-21,187.09,18.28,4.18,317,790.36
2021-09-22,194.57,17.79,3.35,320,805.91
2021-09-23,191.14,18.28,1.72,328,821.24
2021-09-24,192.89,17.84,3.87,320,780.51
2021-09-25,191.4,18.24,5.27,322,819.6
2021-09-26,200.33,18.16,5.47,312,795.67
2021-09-27,191.04,18.01,7.04,336,848.1
2021-09-28,198.99,18.39,7.7,323,806.52
2021-09-29,206.6,16.51,5.28,330,883.49
2021-09-30,209.27,18.0,4.95,310,822.37
2021-10-01,199.28,18.2,5.03,328,817.41
2021-10-02,212.1,18.8,1.94,311,794.11
2021-10-03,216.46,17.5,2.58,301,770.76
2021-10-04,206.47,17.16,1.45,302,758.73
2021-10-05,207.12,17.34,3.75,302,758.07
2021-10-06,210.82,18.28,5.36,300,772.49
2021-10-07,198.04,18.38,4.11,303,769.15
2021-10-08,216.74,17.9,4.29,275,733.9
2021-10-09,208.47,18.02,5.92,294,774.34
2021-10-10,212.61,17.64,6.99,270,733.26
2021-10-11,208.2,16.53,8.34,278,736.65
2021-10-12,204.09,17.29,7.29,284,726.91
2021-10-13,199.72,18.12,5.75,288,772.06
2021-10-14,196.35,17.22,5.04,282,744.19
2021-10-15,190.06,18.64,5.88,303,804.57
2021-10-16,192.55,18.45,3.33,277,724.56
2021-10-17,189.07,18.05,3.33,280,703.6
2021-10-18,196.71,17.91,2.44,292,753.62
2021-10-19,195.95,18.49,2.39,300,778.55
2021-10-20,199.18,18.5,3.62,293,738.8
2021-10-21,191.5,17.83,4.82,307,794.34
2021-10-22,196.99,18.16,4.9,305,808.9
2021-10-23,190.0,18.57,6.26,309,775.24
2021-10-24,192.02,18.63,6.71,309,752.0
2021-10-25,188.29,18.77,7.85,317,849.2
2021-10-26,195.11,18.23,7.89,304,778.87
2021-10-27,199.41,18.18,6.99,339,875.19
2021-10-28,200.79,19.29,5.36,312,779.49
2021-10-29,202.79,18.85,3.24,331,847.96
2021-10-30,207.44,17.71,3.35,322,854.02
2021-10-31,204.71,18.44,3.31,310,801.86
2021-11-01,209.25,18.71,3.18,314,819.14
2021-11-02,208.86,18.97,3.39,312,813.24
2021-11-03,217.47,18.02,3.96,315,822.58
2021-11-04,211.1,18.17,3.38,307,769.52
2021-11-05,219.34,17.52,3.89,317,844.35
2021-11-06,213.0,18.43,6.56,287,754.23
2021-11-07,208.58,18.07,6.65,276,716.4
2021-11-08,210.42,19.4,6.63,310,822.02
2021-11-09,197.48,18.95,7.54,299,736.96
2021-11-10,204.94,18.79,6.67,281,733.66
2021-11-11,195.72,19.07,3.42,276,683.66
2021-11-12,202.97,18.02,5.48,290,765.51
2021-11-13,201.24,17.61,5.51,273,698.36
2021-11-14,194.57,18.45,3.16,282,680.78
2021-11-15,197.07,18.64,2.43,287,728.53
2021-11-16,193.79,18.74,3.66,291,775.59
2021-11-17,192.19,18.69,3.21,271,706.89
2021-11-18,194.15,17.93,3.21,309,819.87
2021-11-19,194.76,17.98,4.71,310,768.43
2021-11-20,189.85,18.62,6.6,299,755.02
2021-11-21,189.55,18.6,8.16,310,782.51
2021-11-22,190.85,18.99,7.11,305,801.04
2021-11-23,184.12,18.75,7.14,310,778.19
2021-11-24,192.63,19.54,4.97,314,780.4
2021-11-25,188.08,19.89,5.45,311,798.21
2021-11-26,189.12,18.83,5.75,315,787.86
2021-11-27,201.06,19.41,2.94,310,832.92
2021-11-28,210.64,19.25,3.49,323,808.86
2021-11-29,209.24,17.93,4.23,323,839.79
2021-11-30,199.87,18.99,4.27,328,839.64
2021-12-01,212.24,19.31,3.2,310,843.01
2021-12-02,211.69,18.6,4.1,315,818.83
2021-12-03,210.12,19.0,3.43,303,807.06
2021-12-04,204.1,18.69,6.47,304,802.64
2021-12-05,218.4,19.54,7.3,305,781.38
2021-12-06,211.02,19.31,5.18,293,722.96
2021-12-07,208.32,18.52,5.73,297,766.37
2021-12-08,211.13,19.43,5.17,297,758.9
2021-12-09,201.47,19.16,5.49,274,725.65
2021-12-10,205.45,19.94,4.39,279,702.93
2021-12-11,201.96,18.8,4.67,296,765.56
2021-12-12,198.81,18.47,2.95,257,673.99
2021-12-13,195.91,19.08,2.16,290,733.97
2021-12-14,196.51,18.21,3.38,297,766.98
2021-12-15,185.42,19.61,3.92,289,741.16
2021-12-16,198.45,19.34,3.6,292,731.07
2021-12-17,191.75,18.62,4.94,280,722.31
2021-12-18,188.71,19.37,4.73,291,752.62
2021-12-19,186.7,19.08,7.59,310,843.68
2021-12-20,189.76,20.47,6.93,312,793.28
2021-12-21,192.82,19.19,7.14,321,800.81
2021-12-22,188.2,19.67,7.74,307,800.95
2021-12-23,188.0,19.26,5.19,311,769.32
2021-12-24,195.43,19.91,3.43,326,828.07
2021-12-25,196.94,20.07,4.83,328,879.5
2021-12-26,191.56,20.12,4.22,302,756.32
2021-12-27,203.6,21.02,3.5,332,846.75
2021-12-28,195.91,19.58,3.42,326,824.95
2021-12-29,213.76,19.56,2.62,318,820.63
2021-12-30,201.61,19.61,5.62,333,821.69
2021-12-31,207.88,19.44,6.29,308,800.2
2022-01-01,205.76,19.69,6.65,345,872.64
2022-01-02,214.5,19.14,5.59,315,822.28
2022-01-03,209.59,20.59,7.6,306,821.3
2022-01-04,201.06,20.56,6.57,290,740.58
2022-01-05,215.72,20.54,7.21,308,778.67
2022-01-06,212.27,20.47,5.35,287,735.02
2022-01-07,204.43,19.21,5.73,282,762.79
2022-01-08,209.3,20.32,5.13,282,764.88
2022-01-09,202.69,20.88,3.42,298,759.42
2022-01-10,194.61,20.21,3.57,293,746.27
2022-01-11,201.54,21.14,4.31,310,816.39
2022-01-12,202.72,19.52,5.95,280,769.22
2022-01-13,191.4,20.96,3.56,271,696.7
2022-01-14,197.03,19.8,5.94,299,762.41
2022-01-15,190.38,19.86,4.69,273,685.89
2022-01-16,187.3,20.72,7.48,291,759.26
2022-01-17,181.03,19.67,6.61,284,743.09
2022-01-18,194.46,21.59,4.08,284,682.94
2022-01-19,192.64,20.59,7.31,291,743.49
2022-01-20,191.81,20.83,5.88,314,790.97
2022-01-21,184.35,21.36,3.72,294,743.31
2022-01-22,187.8,21.1,5.29,311,793.43
2022-01-23,199.03,20.86,2.51,316,787.26
2022-01-24,198.1,20.98,1.77,326,822.31
2022-01-25,198.67,20.18,3.69,302,771.8
2022-01-26,203.88,20.03,5.08,320,804.85
2022-01-27,202.58,20.82,5.09,305,769.16
2022-01-28,198.47,21.61,5.18,315,823.14
2022-01-29,199.1,21.16,5.13,311,776.9
2022-01-30,206.47,20.53,6.76,329,854.94
2022-01-31,213.46,20.42,6.84,325,827.28
2022-02-01,209.05,21.57,7.35,304,775.78
2022-02-02,216.63,21.01,7.36,302,766.49
2022-02-03,208.96,21.43,8.31,297,735.74
2022-02-04,203.06,20.8,5.55,286,748.2
2022-02-05,200.33,20.4,3.97,274,700.85
2022-02-06,211.99,21.18,3.72,297,747.57
2022-02-07,199.06,21.49,4.93,275,715.68
2022-02-08,192.2,21.0,2.48,291,717.74
2022-02-09,195.57,20.76,2.49,276,700.75
2022-02-10,203.47,21.12,3.96,270,683.96
2022-02-11,196.89,21.1,6.21,274,692.15
2022-02-12,198.02,21.82,7.19,276,707.56
2022-02-13,201.52,21.33,8.13,289,717.41
2022-02-14,191.75,22.22,5.1,298,756.06
2022-02-15,182.33,21.54,6.61,279,675.38
2022-02-16,185.72,21.14,6.15,314,809.68
2022-02-17,191.27,20.91,7.26,308,792.12
2022-02-18,191.36,20.51,4.47,299,756.21
2022-02-19,183.52,21.8,4.77,301,751.2
2022-02-20,186.47,22.5,3.45,318,801.62
2022-02-21,187.69,22.11,2.57,314,808.15
2022-02-22,194.21,21.55,3.87,306,770.24
2022-02-23,195.99,21.04,4.08,305,791.05
2022-02-24,192.13,22.01,5.25,308,792.1
2022-02-25,196.28,22.32,5.61,311,770.12
2022-02-26,199.84,21.72,5.78,308,789.53
2022-02-27,197.75,22.32,6.36,315,801.42
2022-02-28,208.08,21.54,7.02,322,817.24
2022-03-01,206.24,21.26,5.79,318,838.26
2022-03-02,197.8,21.83,6.83,305,765.69
2022-03-03,212.44,22.14,6.74,309,786.45
2022-03-04,212.05,21.08,4.57,304,725.03
2022-03-05,210.07,22.19,5.86,301,750.74
2022-03-06,203.55,21.27,4.57,273,702.49
2022-03-07,212.6,21.86,4.3,288,745.47
2022-03-08,207.03,21.68,2.52,271,716.16
2022-03-09,196.01,22.39,4.78,295,763.31
2022-03-10,203.8,21.2,4.88,278,669.87
2022-03-11,203.98,22.02,4.98,294,765.91
2022-03-12,210.92,22.18,6.55,289,722.74
2022-03-13,201.27,22.04,5.19,280,748.87
2022-03-14,197.71,21.77,7.82,272,666.65
2022-03-15,192.27,21.37,5.96,302,792.96
2022-03-16,191.44,21.82,8.91,292,744.68
2022-03-17,185.07,21.77,5.52,282,709.65
2022-03-18,203.27,21.98,4.36,302,767.39
2022-03-19,187.98,23.21,3.76,300,743.93
2022-03-20,200.22,21.24,3.19,309,768.95
2022-03-21,190.69,21.64,3.76,330,787.69
2022-03-22,195.05,22.63,2.48,316,728.34
2022-03-23,193.35,22.83,2.1,301,718.78
2022-03-24,190.72,23.03,4.59,312,757.74
2022-03-25,190.72,21.26,5.89,300,731.33
2022-03-26,199.69,21.11,5.5,302,744.83
2022-03-27,198.48,22.77,6.24,310,796.41
2022-03-28,204.36,20.97,7.96,317,799.21
2022-03-29,207.02,20.9,6.4,326,805.57
2022-03-30,202.43,22.63,6.96,323,845.46
2022-03-31,214.15,21.05,5.81,314,768.67
2022-04-01,203.61,22.07,4.45,315,777.1
2022-04-02,209.42,22.18,3.67,300,757.18
2022-04-03,204.72,22.24,2.9,307,766.31
2022-04-04,208.68,21.85,4.11,311,752.08
2022-04-05,212.25,21.91,2.47,294,763.23
2022-04-06,207.98,21.87,4.75,295,762.66
2022-04-07,209.13,22.49,5.93,302,824.94
2022-04-08,211.47,21.29,5.76,268,692.34
2022-04-09,206.87,22.31,5.4,276,738.67
2022-04-10,204.92,21.71,6.64,283,734.35
2022-04-11,200.9,21.99,7.05,289,725.58
2022-04-12,205.62,21.54,6.98,275,711.98
2022-04-13,193.71,21.4,6.7,283,720.97
2022-04-14,190.21,21.43,6.7,281,707.3
2022-04-15,192.3,21.94,4.0,292,726.7
2022-04-16,195.52,22.07,3.3,312,755.69
2022-04-17,184.12,21.91,2.66,293,691.54
2022-04-18,201.06,21.72,3.41,297,731.24
2022-04-19,189.4,22.1,3.47,302,746.97
2022-04-20,189.39,21.4,4.52,309,762.49
2022-04-21,190.14,22.07,5.11,309,794.66
2022-04-22,192.36,21.91,4.46,319,789.99
2022-04-23,201.28,21.88,5.02,318,787.08
2022-04-24,193.92,21.96,7.11,310,814.22
2022-04-25,195.1,21.82,7.02,318,817.45
2022-04-26,205.5,21.99,7.62,327,837.41
2022-04-27,195.97,21.44,6.83,314,749.48
2022-04-28,208.72,21.86,5.54,305,804.55
2022-04-29,206.81,21.44,4.97,309,760.84
2022-04-30,202.7,21.8,1.68,319,769.44
2022-05-01,200.51,21.57,4.25,310,777.02
2022-05-02,211.99,21.75,3.22,311,788.68
2022-05-03,212.0,22.28,5.0,306,789.25
2022-05-04,214.76,21.55,1.7,285,723.5
2022-05-05,211.75,22.48,5.38,315,807.38
2022-05-06,209.35,21.67,3.6,279,715.8
2022-05-07,206.75,20.41,6.82,290,730.22
2022-05-08,209.23,22.0,6.24,293,740.78
2022-05-09,207.73,20.45,7.46,279,735.71
2022-05-10,209.57,20.8,5.03,270,715.34
2022-05-11,197.41,21.22,7.24,277,716.95
2022-05-12,202.06,21.72,7.7,263,655.4
2022-05-13,201.66,21.63,3.97,272,686.43
2022-05-14,189.52,22.23,5.13,279,681.93
2022-05-15,190.75,21.89,3.26,277,695.09
2022-05-16,194.17,21.14,1.58,292,742.03
2022-05-17,188.95,21.22,4.12,291,699.09
2022-05-18,192.05,20.61,5.51,296,753.1
2022-05-19,198.64,21.92,3.93,302,734.32
2022-05-20,188.7,21.74,5.53,308,784.25
2022-05-21,196.41,21.68,4.64,298,753.24
2022-05-22,190.26,21.08,4.91,330,858.08
2022-05-23,198.03,20.36,7.1,323,819.78
2022-05-24,198.26,21.35,5.62,317,807.11
2022-05-25,198.36,21.25,4.25,312,770.28
2022-05-26,199.83,21.62,6.87,308,772.53
2022-05-27,205.55,21.64,6.58,329,829.19
2022-05-28,208.74,22.11,4.03,326,826.07
2022-05-29,202.56,21.43,3.44,314,818.88
2022-05-30,200.81,21.04,3.52,304,803.08
2022-05-31,210.84,20.94,2.91,317,795.84
2022-06-01,212.32,21.04,1.85,306,786.9
2022-06-02,206.92,21.0,4.44,305,764.29
2022-06-03,216.88,20.95,4.44,311,786.3
2022-06-04,216.77,20.58,6.81,295,767.78
2022-06-05,215.79,20.06,5.56,311,816.04
2022-06-06,213.82,21.33,5.2,281,705.9
2022-06-07,211.43,21.48,7.28,283,730.57
2022-06-08,203.71,20.39,7.72,291,769.04
2022-06-09,196.5,21.06,7.27,279,728.03
2022-06-10,195.41,20.7,3.89,276,678.72
2022-06-11,195.24,20.41,3.72,272,707.84
2022-06-12,205.05,21.31,3.05,284,714.17
2022-06-13,193.07,20.54,2.18,280,740.28
2022-06-14,196.59,20.58,3.41,301,771.16
2022-06-15,187.53,20.52,2.94,272,718.79
2022-06-16,198.49,21.01,3.63,276,678.92
2022-06-17,193.14,20.32,5.61,309,800.98
2022-06-18,182.48,20.85,7.01,309,789.67
2022-06-19,185.33,20.28,7.12,303,823.55
2022-06-20,189.68,20.91,7.59,307,801.43
2022-06-21,186.32,19.52,7.58,301,743.21
2022-06-22,195.15,22.05,7.78,325,811.26
2022-06-23,196.67,20.52,4.3,315,823.95
2022-06-24,196.09,21.11,7.16,322,804.9
2022-06-25,204.35,20.27,4.67,315,852.03
2022-06-26,195.04,20.7,2.02,318,826.84
2022-06-27,210.04,19.06,2.19,316,773.11
2022-06-28,210.53,19.77,2.01,323,837.9
2022-06-29,204.45,19.74,3.21,325,803.11
2022-06-30,208.54,20.06,5.38,307,770.53
2022-07-01,207.79,20.35,4.6,293,742.14
2022-07-02,204.9,19.63,5.27,308,783.43
2022-07-03,209.27,19.09,7.0,294,780.96
2022-07-04,194.72,20.39,7.55,302,800.52
2022-07-05,216.57,19.91,6.94,294,769.01
2022-07-06,197.62,19.68,6.65,301,804.33
2022-07-07,201.75,19.62,4.31,299,780.04
2022-07-08,204.61,20.12,5.26,283,736.03
2022-07-09,204.26,20.12,4.52,282,733.33
2022-07-10,201.83,19.3,4.05,270,703.33
2022-07-11,192.6,19.94,2.68,287,731.79
2022-07-12,190.84,19.62,2.51,281,688.81
2022-07-13,184.45,20.0,3.88,284,702.45
2022-07-14,200.08,19.64,4.53,292,752.92
2022-07-15,184.7,19.92,5.08,286,716.59
2022-07-16,187.04,18.81,5.26,306,750.52
2022-07-17,187.26,20.5,7.28,306,758.48
2022-07-18,185.66,18.86,7.48,285,761.7
2022-07-19,189.15,19.31,6.45,308,785.94
2022-07-20,189.03,20.03,5.04,308,785.73
2022-07-21,190.79,18.91,5.47,305,764.19
2022-07-22,192.2,19.27,4.98,320,799.65
2022-07-23,198.47,19.79,4.53,320,796.78
2022-07-24,201.33,18.98,4.05,312,780.74
2022-07-25,193.66,19.37,2.83,321,812.55
2022-07-26,195.49,19.1,3.4,311,786.5
2022-07-27,202.48,19.1,3.12,324,846.85
2022-07-28,205.25,18.95,4.37,317,800.19
2022-07-29,195.81,19.37,3.52,326,833.94
2022-07-30,210.87,19.48,7.28,304,784.01
2022-07-31,213.32,19.0,6.43,306,817.22
2022-08-01,212.56,18.75,7.73,312,831.63
2022-08-02,205.91,18.8,5.44,294,764.22
2022-08-03,206.0,18.97,6.1,297,778.61
2022-08-04,200.78,18.92,6.36,285,735.67
2022-08-05,211.47,18.75,5.88,299,794.3
2022-08-06,210.51,18.84,5.8,296,753.22
2022-08-07,202.94,18.95,2.29,279,708.78
2022-08-08,217.28,19.83,2.45,271,665.16
2022-08-09,204.25,18.99,3.33,266,670.12
2022-08-10,195.97,18.31,2.33,283,738.76
2022-08-11,195.85,18.79,5.23,271,667.78
2022-08-12,197.09,19.89,4.66,275,720.35
2022-08-13,203.37,18.3,6.07,273,735.34
2022-08-14,194.42,18.67,6.67,298,751.35
2022-08-15,186.22,18.98,7.14,298,733.7
2022-08-16,197.4,18.78,7.54,271,745.76
2022-08-17,196.64,18.43,6.55,317,821.86
2022-08-18,185.36,19.43,6.23,306,815.94
2022-08-19,188.08,19.39,5.18,314,797.47
2022-08-20,190.59,18.29,4.53,321,817.96
2022-08-21,193.63,19.22,3.36,324,836.42
2022-08-22,199.53,18.29,1.73,316,840.78
2022-08-23,204.45,18.31,0.96,331,836.38
2022-08-24,199.43,18.79,4.57,320,804.29
2022-08-25,202.94,18.62,4.02,315,810.09
2022-08-26,206.2,18.4,3.55,323,839.92
2022-08-27,204.37,18.64,7.04,336,850.9
2022-08-28,207.53,18.39,5.94,312,774.86
2022-08-29,203.97,18.85,6.99,320,831.37
2022-08-30,211.18,18.7,7.65,312,792.74
2022-08-31,212.36,18.11,6.53,310,833.84
2022-09-01,214.02,18.13,6.59,302,758.11
2022-09-02,206.09,18.5,3.22,299,780.11
2022-09-03,209.04,19.07,3.5,270,696.95
2022-09-04,206.24,17.63,4.27,304,766.13
2022-09-05,202.34,18.05,4.76,268,684.01
2022-09-06,210.91,18.6,0.6,285,726.68
2022-09-07,207.02,18.71,2.77,274,729.72
2022-09-08,196.78,18.69,4.32,276,705.81
2022-09-09,204.6,18.35,4.74,287,738.15
2022-09-10,197.27,18.64,6.2,276,723.01
2022-09-11,197.2,18.32,6.92,281,752.99
2022-09-12,189.7,17.99,7.58,283,725.03
2022-09-13,194.38,18.42,5.26,290,721.05
2022-09-14,199.83,17.14,7.69,308,782.46
2022-09-15,189.81,18.02,3.92,298,779.42
2022-09-16,180.28,18.67,4.43,305,765.32
2022-09-17,192.12,17.97,2.49,294,745.22
2022-09-18,194.69,17.74,5.09,322,811.12
2022-09-19,196.74,17.6,2.63,312,786.5
2022-09-20,194.5,18.11,3.84,326,862.79
2022-09-21,192.28,18.47,4.74,344,882.6
2022-09-22,201.2,17.86,2.9,313,787.34
2022-09-23,194.49,17.5,4.89,310,837.13
2022-09-24,204.48,18.55,6.76,327,863.07
2022-09-25,210.44,17.86,5.49,319,836.18
2022-09-26,211.6,18.23,4.21,324,849.49
2022-09-27,206.66,18.69,6.77,302,765.74
2022-09-28,195.01,16.85,6.97,306,793.71
2022-09-29,208.98,17.73,4.92,307,815.21
2022-09-30,211.68,17.85,5.43,308,786.84
2022-10-01,210.81,18.81,4.22,304,790.09
2022-10-02,223.3,18.11,5.48,290,763.17
2022-10-03,211.26,18.93,0.9,300,774.33
2022-10-04,202.16,17.32,0.81,283,735.22
2022-10-05,207.44,17.92,5.6,269,690.5
2022-10-06,205.96,18.38,5.55,275,717.13
2022-10-07,203.05,18.49,3.93,298,730.01
2022-10-08,203.5,16.74,6.84,283,729.77
2022-10-09,198.61,17.58,6.63,290,774.79
2022-10-10,190.67,18.18,8.15,259,661.36
2022-10-11,193.94,18.4,4.15,274,710.57
2022-10-12,190.33,17.55,7.62,291,752.55
2022-10-13,184.93,18.61,4.33,297,786.05
2022-10-14,192.37,18.06,5.1,296,777.53
2022-10-15,190.59,18.33,4.48,317,817.18
2022-10-16,188.13,18.4,2.1,304,784.04
2022-10-17,188.98,17.6,3.79,282,724.71
2022-10-18,193.78,17.75,3.04,316,786.58
2022-10-19,184.41,18.46,3.84,315,776.51
2022-10-20,194.04,17.41,4.64,313,806.95
2022-10-21,186.02,18.24,3.36,314,807.34
2022-10-22,194.2,19.16,5.83,331,818.57
2022-10-23,207.27,18.61,7.81,319,869.02
2022-10-24,202.64,18.0,7.75,325,830.86
2022-10-25,205.98,18.19,6.55,314,788.29
2022-10-26,202.67,18.92,5.97,318,803.08
2022-10-27,212.45,17.63,6.71,314,834.02
2022-10-28,217.56,18.33,4.75,304,782.8
2022-10-29,213.11,18.06,5.81,291,745.05
2022-10-30,209.56,17.83,2.13,312,810.08
2022-10-31,209.54,17.9,2.99,277,701.18
2022-11-01,219.44,18.57,3.05,303,820.35
2022-11-02,211.56,19.29,3.55,298,755.33
2022-11-03,209.07,18.5,5.02,294,752.49
2022-11-04,202.42,17.86,6.63,287,742.5
2022-11-05,214.39,18.7,5.87,279,732.8
2022-11-06,203.82,18.32,8.22,280,733.87
2022-11-07,200.2,18.25,7.12,272,725.07
2022-11-08,196.67,18.66,8.71,275,717.1
2022-11-09,199.13,18.81,6.54,292,704.09
2022-11-10,194.32,18.39,6.33,276,720.86
2022-11-11,180.05,17.87,6.95,272,701.22
2022-11-12,193.37,19.12,6.24,288,754.22
2022-11-13,182.58,18.78,2.62,304,759.15
2022-11-14,198.54,17.41,4.21,304,759.09
2022-11-15,190.46,19.4,2.86,314,807.05
2022-11-16,189.2,19.77,4.22,321,825.4
2022-11-17,180.57,18.66,3.93,309,764.62
2022-11-18,185.73,19.17,4.0,311,773.72
2022-11-19,196.67,18.32,7.17,337,859.78
2022-11-20,192.08,18.93,6.51,332,876.61
2022-11-21,199.28,18.31,7.59,332,879.65
2022-11-22,204.44,18.57,6.43,323,822.89
2022-11-23,200.85,18.63,7.65,309,815.38
2022-11-24,206.73,19.42,6.1,309,789.17
2022-11-25,207.35,18.62,5.27,323,809.09
2022-11-26,210.79,19.18,4.61,334,840.55
2022-11-27,205.32,18.29,3.76,304,762.6
2022-11-28,206.58,18.62,3.18,303,772.32
2022-11-29,206.81,19.83,3.2,305,758.78
2022-11-30,212.48,18.85,2.42,293,774.79
2022-12-01,212.21,18.78,6.11,291,775.75
2022-12-02,212.44,19.48,3.03,295,759.77
2022-12-03,213.33,18.89,5.64,267,660.45
2022-12-04,208.06,19.31,7.06,269,701.23
2022-12-05,209.78,19.69,7.27,286,740.51
2022-12-06,196.66,18.79,7.85,261,667.13
2022-12-07,194.85,19.46,7.0,279,737.97
2022-12-08,197.67,19.17,7.4,274,688.79
2022-12-09,192.51,19.29,3.88,277,672.43
2022-12-10,193.31,19.95,6.07,287,719.47
2022-12-11,192.4,19.52,1.39,290,760.12
2022-12-12,191.04,20.48,4.11,294,716.4
2022-12-13,184.13,18.49,4.26,289,707.18
2022-12-14,196.19,20.1,2.65,301,763.22
2022-12-15,189.8,19.79,4.72,295,723.56
2022-12-16,187.88,19.69,5.25,296,751.5
2022-12-17,196.36,19.71,6.49,320,840.46
2022-12-18,193.71,19.21,7.07,313,765.52
2022-12-19,194.93,19.61,7.05,325,837.34
2022-12-20,201.31,19.01,5.74,325,856.09
2022-12-21,206.49,19.03,6.98,305,785.58
2022-12-22,207.99,19.76,6.27,322,832.66
2022-12-23,204.95,20.44,3.98,336,874.57
2022-12-24,200.91,20.27,5.23,324,806.59
2022-12-25,205.73,19.92,3.72,316,762.08
2022-12-26,210.4,19.96,2.03,329,869.43
2022-12-27,202.64,20.13,2.7,309,781.45
2022-12-28,206.24,19.55,3.15,306,743.48
2022-12-29,203.37,20.03,3.46,303,713.36
2022-12-30,209.92,19.04,4.87,301,771.11
2022-12-31,218.2,19.87,7.08,291,733.93
2023-01-01,203.08,20.76,6.83,294,742.05
2023-01-02,204.73,19.88,6.11,286,752.98
2023-01-03,203.28,20.04,7.58,291,742.72
2023-01-04,196.54,20.33,7.14,278,710.3
2023-01-05,197.53,19.69,5.04,271,675.0
2023-01-06,199.05,19.77,5.3,267,666.56
2023-01-07,200.09,20.81,5.58,266,699.69
2023-01-08,194.12,20.3,3.59,273,727.55
2023-01-09,191.74,20.81,3.03,281,694.61
2023-01-10,195.29,20.58,4.12,289,728.09
2023-01-11,194.05,20.14,3.63,285,743.93
2023-01-12,189.2,20.16,3.8,292,758.1
2023-01-13,184.93,20.24,4.93,292,759.53
2023-01-14,181.43,19.39,4.06,310,802.76
2023-01-15,191.69,20.04,7.21,310,762.9
2023-01-16,188.69,20.36,6.57,317,807.65
2023-01-17,200.22,20.66,6.34,322,813.4
2023-01-18,185.43,20.7,6.2,318,752.21
2023-01-19,197.68,20.22,6.32,320,827.17
2023-01-20,209.65,21.5,3.38,320,804.42
2023-01-21,202.72,20.32,2.41,319,803.33
2023-01-22,194.98,20.71,3.6,306,760.53
2023-01-23,204.9,21.09,2.79,301,724.17
2023-01-24,205.26,21.11,2.22,324,820.65
2023-01-25,215.98,20.11,3.93,310,768.63
2023-01-26,211.28,20.32,2.82,334,832.06
2023-01-27,211.11,20.76,4.27,325,823.56
2023-01-28,215.32,20.51,5.38,298,729.61
2023-01-29,210.1,20.96,7.29,290,735.55
2023-01-30,218.68,20.49,7.61,305,839.39
2023-01-31,214.69,20.82,7.81,273,710.3
2023-02-01,210.86,20.49,8.94,283,770.09
2023-02-02,203.69,21.38,5.13,300,739.57
2023-02-03,200.18,21.49,5.76,294,726.83
2023-02-04,207.04,21.24,4.79,292,745.47
2023-02-05,199.3,20.57,2.43,277,703.51
2023-02-06,197.86,21.5,3.09,278,676.39
2023-02-07,193.29,20.59,1.76,314,769.29
2023-02-08,198.93,21.04,3.54,291,741.57
2023-02-09,196.55,20.22,4.1,282,726.99
2023-02-10,187.95,21.0,5.45,289,743.07
2023-02-11,185.26,21.11,4.82,308,774.71
2023-02-12,187.63,21.6,7.83,307,753.57
2023-02-13,189.49,21.49,6.0,292,718.92
2023-02-14,192.72,21.0,4.98,296,755.95
2023-02-15,181.45,21.23,6.65,316,771.53
2023-02-16,189.18,22.4,5.71,312,806.56
2023-02-17,193.0,21.22,4.55,322,814.43
2023-02-18,201.14,21.87,6.43,301,757.9
2023-02-19,198.89,21.09,4.81,317,794.56
2023-02-20,197.74,21.07,1.92,338,849.5
2023-02-21,199.81,21.37,2.04,334,840.17
2023-02-22,196.82,20.61,4.3,324,822.34
2023-02-23,209.33,20.9,3.92,329,828.43
2023-02-24,207.5,21.15,5.2,299,800.21
2023-02-25,208.33,21.58,5.51,300,785.56
2023-02-26,213.14,21.79,7.25,313,800.99
2023-02-27,207.59,21.39,6.52,308,773.27
2023-02-28,203.11,21.65,5.94,288,730.55
2023-03-01,202.2,22.49,5.52,308,798.95
2023-03-02,200.24,22.1,4.96,294,746.52
2023-03-03,206.33,22.56,5.3,280,707.86
2023-03-04,210.98,21.87,3.06,279,670.59
2023-03-05,196.2,21.22,3.02,281,713.8
2023-03-06,201.0,22.26,4.97,290,700.04
2023-03-07,200.88,21.42,2.45,269,659.53
2023-03-08,197.27,22.31,3.41,275,703.72
2023-03-09,188.39,22.01,3.47,291,704.86
2023-03-10,200.58,21.65,4.6,286,722.79
2023-03-11,194.94,21.93,5.69,278,708.36
2023-03-12,187.21,22.1,7.52,297,796.1
2023-03-13,190.14,20.8,6.33,290,753.26
2023-03-14,187.6,21.52,6.36,299,699.23
2023-03-15,199.32,22.42,6.32,320,854.88
2023-03-16,197.8,21.46,6.45,308,761.01
2023-03-17,185.79,22.43,6.8,323,844.5
2023-03-18,191.44,21.66,3.62,304,752.61
2023-03-19,194.03,21.88,3.26,313,787.7
2023-03-20,195.81,21.86,3.63,319,790.07
2023-03-21,198.79,20.97,3.48,306,747.35
2023-03-22,205.32,22.01,2.56,332,817.16
2023-03-23,200.94,21.59,5.07,336,848.0
2023-03-24,203.54,21.64,4.12,318,797.9
2023-03-25,210.82,22.55,5.09,307,765.21
2023-03-26,208.83,22.5,5.58,321,805.05
2023-03-27,216.37,21.83,9.53,302,786.28
2023-03-28,221.84,21.3,6.14,325,843.61
2023-03-29,202.35,22.25,6.45,307,785.41
2023-03-30,210.84,21.3,5.2,294,741.91
2023-03-31,207.8,21.37,6.65,282,738.37
2023-04-01,209.86,22.11,5.85,289,743.2
2023-04-02,213.14,21.49,4.17,262,677.85
2023-04-03,211.09,21.95,3.33,278,662.5
2023-04-04,199.11,22.39,2.06,297,723.99
2023-04-05,206.54,22.48,4.55,290,694.16
2023-04-06,197.51,21.48,3.62,286,709.82
2023-04-07,199.17,22.51,3.7,260,669.58
2023-04-08,193.37,21.78,7.06,272,718.17
2023-04-09,188.0,21.6,7.0,288,728.86
2023-04-10,192.07,21.71,6.26,300,747.65
2023-04-11,185.31,22.21,6.51,284,731.12
2023-04-12,184.2,22.89,6.6,291,716.73
2023-04-13,187.09,22.09,5.45,292,723.65
2023-04-14,186.84,21.55,4.15,289,724.02
2023-04-15,195.32,21.46,3.01,302,742.08
2023-04-16,192.34,21.61,4.55,292,776.44
2023-04-17,195.25,22.61,3.92,319,790.21
2023-04-18,184.4,22.27,3.1,309,731.95
2023-04-19,187.69,22.14,1.43,324,812.28
2023-04-20,191.49,21.39,2.17,336,860.55
2023-04-21,208.92,21.64,3.88,320,785.27
2023-04-22,199.46,22.08,6.63,306,780.62
2023-04-23,204.44,21.9,6.59,314,817.54
2023-04-24,214.08,21.75,7.69,321,832.49
2023-04-25,209.27,22.08,7.15,315,766.84
2023-04-26,200.65,22.17,6.8,301,754.2
2023-04-27,208.61,21.52,6.73,305,782.25
2023-04-28,213.19,21.62,4.98,320,808.53
2023-04-29,200.02,22.22,4.06,298,750.95
2023-04-30,215.12,22.19,2.52,292,734.02
2023-05-01,206.6,21.58,2.63,281,674.86
2023-05-02,212.13,21.24,2.16,285,698.13
2023-05-03,206.28,22.09,1.65,283,698.24
2023-05-04,210.36,22.09,2.67,263,641.6
2023-05-05,210.55,22.41,5.63,280,715.21
2023-05-06,199.96,21.12,5.84,281,705.52
2023-05-07,199.36,21.56,5.8,289,762.16
2023-05-08,200.35,21.91,7.12,276,695.18
2023-05-09,194.25,21.82,7.31,291,752.81
2023-05-10,190.69,21.8,7.24,284,724.82
2023-05-11,187.04,21.51,5.53,284,690.66
2023-05-12,188.47,21.36,4.79,306,748.79
2023-05-13,193.02,21.38,1.49,292,759.67
2023-05-14,197.96,20.51,3.22,299,746.22
2023-05-15,175.13,21.2,3.27,309,769.4
2023-05-16,191.95,22.09,3.1,302,707.7
2023-05-17,187.99,21.61,1.37,317,787.19
2023-05-18,181.97,19.43,3.16,309,747.95
2023-05-19,190.08,20.35,5.25,320,784.0
2023-05-20,192.41,21.56,6.96,322,840.15
2023-05-21,196.71,21.64,5.42,292,689.45
2023-05-22,196.2,21.68,6.62,316,815.5
2023-05-23,196.12,21.02,6.88,316,843.05
2023-05-24,209.45,21.2,7.06,306,798.21
2023-05-25,209.62,21.61,4.56,330,860.55
2023-05-26,202.33,21.03,3.6,318,766.51
2023-05-27,215.69,21.42,1.39,300,747.6
2023-05-28,202.93,21.38,5.76,305,759.52
2023-05-29,211.47,22.24,2.4,299,761.36
2023-05-30,210.99,22.04,2.36,293,736.64
2023-05-31,207.0,21.53,1.72,280,713.62
2023-06-01,208.32,21.02,4.57,275,678.68
2023-06-02,207.4,20.75,5.74,287,748.93
2023-06-03,212.51,21.12,5.75,281,737.02
2023-06-04,201.23,20.08,7.72,273,711.35
2023-06-05,198.06,20.13,7.27,295,763.31
2023-06-06,199.8,21.38,9.11,280,693.38
2023-06-07,192.88,20.51,7.32,283,728.6
2023-06-08,192.43,21.36,5.92,281,711.74
2023-06-09,194.62,20.6,6.11,295,736.59
2023-06-10,199.63,20.37,4.17,289,778.46
2023-06-11,191.49,21.02,2.55,300,747.66
2023-06-12,190.66,21.32,2.36,294,734.6
2023-06-13,183.36,20.8,4.0,310,806.16
2023-06-14,189.01,20.87,3.85,298,747.38
2023-06-15,194.91,21.07,3.4,313,768.43
2023-06-16,192.96,20.25,5.03,327,839.26
2023-06-17,193.12,19.97,4.98,316,815.31
2023-06-18,193.21,19.86,5.13,327,830.09
2023-06-19,201.86,20.23,6.6,323,864.53
2023-06-20,201.2,21.07,6.15,302,752.06
2023-06-21,208.22,20.48,7.07,332,854.08
2023-06-22,195.84,20.48,5.39,313,786.23
2023-06-23,202.52,20.05,3.69,306,737.78
2023-06-24,208.02,21.02,3.86,322,803.42
2023-06-25,213.59,20.84,3.71,288,714.26
2023-06-26,204.64,20.74,3.09,308,775.36
2023-06-27,207.69,20.09,2.29,292,775.76
2023-06-28,204.19,19.89,4.25,281,708.0
2023-06-29,212.18,21.06,4.36,294,762.57
2023-06-30,200.94,21.2,4.51,281,721.92
2023-07-01,212.31,19.39,6.12,275,663.07
2023-07-02,211.92,20.38,6.52,274,712.34
2023-07-03,204.51,20.83,6.35,282,711.19
2023-07-04,205.4,20.06,6.83,270,693.05
2023-07-05,204.72,20.0,7.64,269,709.61
2023-07-06,193.09,19.67,6.5,284,712.09
2023-07-07,201.72,19.6,3.82,287,758.53
2023-07-08,191.75,20.42,2.87,291,723.95
2023-07-09,200.92,19.68,2.82,303,772.55
2023-07-10,191.67,20.49,1.31,285,725.96
2023-07-11,183.99,19.37,2.8,291,709.33
2023-07-12,187.14,18.9,2.84,294,805.46
2023-07-13,188.01,20.39,2.88,293,754.97
2023-07-14,192.93,20.42,5.45,307,818.67
2023-07-15,198.71,20.04,5.92,325,819.06
2023-07-16,191.18,19.29,7.54,315,817.4
2023-07-17,188.6,19.45,7.07,310,784.27
2023-07-18,188.44,19.17,7.03,311,773.27
2023-07-19,194.38,18.88,6.72,313,845.49
2023-07-20,207.14,18.37,6.45,321,870.26
2023-07-21,204.02,19.85,4.48,305,788.33
2023-07-22,208.73,19.69,2.51,295,724.95
2023-07-23,207.39,19.48,2.7,322,858.82
2023-07-24,201.87,19.44,3.34,289,745.83
2023-07-25,203.83,19.67,2.26,307,774.37
2023-07-26,209.67,18.97,3.94,304,797.13
2023-07-27,215.33,19.38,5.82,304,780.04
2023-07-28,213.2,18.61,7.06,319,863.95
2023-07-29,214.6,19.38,4.81,282,712.44
2023-07-30,219.32,19.02,7.19,283,747.03
2023-07-31,208.51,19.22,6.88,296,737.33
2023-08-01,208.46,19.37,6.91,291,745.76
2023-08-02,203.05,18.53,5.3,280,756.47
2023-08-03,199.17,18.78,6.37,279,709.14
2023-08-04,207.11,18.71,5.7,284,709.39
2023-08-05,195.59,18.28,5.5,290,743.44
2023-08-06,203.04,18.76,4.07,289,741.64
2023-08-07,197.14,18.46,4.58,278,711.45
2023-08-08,190.07,19.65,3.66,268,626.4
2023-08-09,186.71,19.28,2.73,261,671.08
2023-08-10,187.45,18.83,3.07,293,785.81
2023-08-11,189.46,19.3,4.03,282,701.65
2023-08-12,197.97,19.0,6.73,310,785.27
2023-08-13,191.17,19.71,7.24,303,773.05
2023-08-14,191.51,17.85,5.68,313,796.98
2023-08-15,189.81,18.53,6.33,296,748.83
2023-08-16,190.85,18.5,3.82,305,753.74
2023-08-17,191.81,18.56,4.48,314,766.1
2023-08-18,203.33,19.51,4.96,323,845.83
2023-08-19,207.51,18.18,4.74,333,870.68
2023-08-20,207.7,18.53,4.96,340,860.95
2023-08-21,210.9,18.29,3.1,322,828.42
2023-08-22,204.15,18.53,3.05,321,846.83
2023-08-23,205.8,18.28,2.44,295,776.59
2023-08-24,215.3,18.31,4.82,332,833.81
2023-08-25,205.03,18.43,5.5,300,781.82
2023-08-26,207.58,17.67,5.49,309,773.35
2023-08-27,201.94,17.87,7.19,297,780.27
2023-08-28,203.06,17.81,8.05,290,763.51
2023-08-29,211.45,18.27,6.73,283,728.08
2023-08-30,202.54,18.0,5.13,291,749.46
2023-08-31,206.59,18.03,6.86,280,765.52
2023-09-01,207.78,18.87,4.99,289,781.19
2023-09-02,200.8,18.33,3.89,288,766.2
2023-09-03,198.45,18.64,2.97,293,739.04
2023-09-04,205.15,18.46,1.55,269,690.24
2023-09-05,192.3,18.35,2.9,302,736.32
2023-09-06,185.61,18.09,1.76,284,732.98
2023-09-07,194.49,18.19,4.87,292,762.97
2023-09-08,191.96,18.16,3.95,298,789.4
2023-09-09,190.22,17.83,5.28,304,738.81
2023-09-10,197.99,18.19,7.13,297,745.34
2023-09-11,194.58,17.47,4.06,288,765.85
2023-09-12,190.04,17.66,7.12,316,813.73
2023-09-13,194.29,17.48,6.09,320,811.85
2023-09-14,190.16,18.21,5.36,302,773.56
2023-09-15,191.84,18.38,5.27,331,824.48
2023-09-16,199.28,17.67,6.54,305,815.9
2023-09-17,186.57,18.26,4.48,308,797.3
2023-09-18,211.6,18.03,2.98,312,801.73
2023-09-19,202.61,18.03,3.08,305,781.74
2023-09-20,201.66,17.86,4.31,324,836.65
2023-09-21,204.47,18.93,4.4,325,816.44
2023-09-22,215.39,18.55,3.27,292,761.43
2023-09-23,213.84,18.28,6.07,314,795.48
2023-09-24,209.45,18.3,7.64,322,851.43
2023-09-25,198.1,18.07,7.92,313,841.77
2023-09-26,206.95,18.44,7.46,309,826.98
2023-09-27,208.51,17.93,8.53,291,795.34
